Key,Title,Upload_Date,Views,Likes,Dislikes,Comments
,,,,,,
kJQP7kiw5Fk,Luis Fonsi - Despacito ft. Daddy Yankee,2017-01-13T05:00:02Z,6888827175,38917907,4631387,3442214
,,,,,,
JGwWNGJdvx8,Ed Sheeran - Shape of You [Official Video],2017-01-30T10:57:50Z,4913649752,23818604,1259869,968859
,,,,,,
RgKAFK5djSk,Wiz Khalifa - See You Again ft. Charlie Puth [Official Video] Furious 7 Soundtrack,2015-04-07T03:00:03Z,4667717150,29427984,890749,1878668
,,,,,,
KYniUCGPGLs,–ú–∞—à–∞ –∏ –ú–µ–¥–≤–µ–¥—å (Masha and The Bear) - –ú–∞—à–∞ –ø–ª—é—Å –∫–∞—à–∞ (17 –°–µ—Ä–∏—è),2012-01-31T12:35:26Z,4319572566,7123706,3940149,11575
,,,,,,
OPf0YbXqDm0,Mark Ronson - Uptown Funk (Official Video) ft. Bruno Mars,2014-11-19T14:00:18Z,3905282817,14601168,883596,514369
,,,,,,
9bZkp7q19f0,PSY - GANGNAM STYLE(Í∞ïÎÇ®Ïä§ÌÉÄÏùº) M/V,2012-07-15T07:46:32Z,3721310043,18777668,2483748,5040447
,,,,,,
F4tHL8reNCs,Johny Johny Yes Papa üë∂ THE BEST Song for Children | LooLoo Kids,2016-10-08T07:06:35Z,3639502807,9710928,6452634,48131
,,,,,,
fRh_vgS2dFE,Justin Bieber - Sorry (PURPOSE : The Movement),2015-10-22T20:00:02Z,3320297721,13112485,1601846,830037
,,,,,,
09R8_2nJtjg,Maroon 5 - Sugar (Official Music Video),2015-01-14T15:00:11Z,3248255222,11914455,521320,367538
,,,,,,
CevxZvSJLk8,Katy Perry - Roar (Official),2013-09-05T20:00:22Z,3132529687,11612280,901274,680471
,,,,,,
lp-EO5I60KA,Ed Sheeran - Thinking Out Loud [Official Video],2014-10-07T13:57:37Z,3048137962,11543418,504978,318480
,,,,,,
hT_nvWreIhg,OneRepublic - Counting Stars (Official Music Video),2013-05-31T07:00:36Z,3016637713,11617030,392340,377942
,,,,,,
nfWlot6h_JM,Taylor Swift - Shake It Off,2014-08-18T21:18:00Z,2946341837,9512469,987011,531728
,,,,,,
NUsoVlDFqZg,"Enrique Iglesias - Bailando ft. Descemer Bueno, Gente De Zona (Espa√±ol)",2014-04-11T07:00:01Z,2882255282,7242816,512071,223399
,,,,,,
YqeW9_5kURI,Major Lazer & DJ Snake - Lean On (feat. M√ò) (Official Music Video),2015-03-23T04:00:45Z,2859751791,12628250,541769,406517
,,,,,,
0KSOMA3QBU0,Katy Perry - Dark Horse (Official) ft. Juicy J,2014-02-20T20:00:03Z,2827720089,10601837,1168991,662561
,,,,,,
60ItHLz5WEA,Alan Walker - Faded,2015-12-04T07:00:30Z,2816808124,20333468,538902,1102728
,,,,,,
WRVsOCh907o,Bath Song | CoComelon Nursery Rhymes & Kids Songs,2018-05-02T07:00:01Z,2800140328,6070609,3992662,15903
,,,,,,
aJOTlE1K90k,Maroon 5 - Girls Like You ft. Cardi B (Official Music Video),2018-05-31T04:00:00Z,2752404080,16941348,707828,611479
,,,,,,
RBumgq5yVrA,Passenger | Let Her Go (Official Video),2012-07-25T22:28:26Z,2745225161,11026980,348011,353628
,,,,,,
wnJ6LuUFpMo,"J Balvin, Willy William - Mi Gente (Official Video)",2017-06-30T04:00:05Z,2739991552,14201245,884011,485774
,,,,,,
YQHsXMglC9A,Adele - Hello,2015-10-23T06:54:18Z,2686148525,15659723,838248,890709
,,,,,,
e-ORhEE9VVg,Taylor Swift - Blank Space,2014-11-10T17:05:44Z,2621680108,10296255,691079,573745
,,,,,,
6Mgqbai3fKo,Shakira - Chantaje (Official Video) ft. Maluma,2016-11-18T14:00:01Z,2562687833,8705276,743734,389345
,,,,,,
FzG4uDgje3M,El Chombo - Dame Tu Cosita feat. Cutty Ranks (Official Video) [Ultra Music],2018-04-05T19:51:33Z,2577845400,10005811,3298475,459890
,,,,,,
pRpeEdMmmQ0,Shakira - Waka Waka (This Time for Africa) (The Official 2010 FIFA World Cup‚Ñ¢ Song),2010-06-04T22:30:35Z,2553304332,11295314,698980,1002875
,,,,,,
PT2_F-1esPk,The Chainsmokers - Closer (Lyric) ft. Halsey,2016-07-29T07:00:02Z,2525004443,10734531,500674,361767
,,,,,,
2Vv-BfVoq4g,Ed Sheeran - Perfect (Official Music Video),2017-11-09T11:04:14Z,2490287391,13187128,507832,384576
,,,,,,
3AtDnEC4zak,Charlie Puth - We Don't Talk Anymore (feat. Selena Gomez) [Official Video],2016-08-02T20:00:26Z,2484392636,10194329,346042,349309
,,,,,,
7PCkvCPvDXk,Meghan Trainor - All About That Bass,2014-06-11T14:00:07Z,2387717597,7800976,850060,473191
,,,,,,
papuvlVeZg8,Clean Bandit - Rockabye (feat. Sean Paul & Anne-Marie) [Official Video],2016-10-21T11:30:36Z,2379476572,10090704,483475,264510
,,,,,,
kOkQ4T5WO9E,Calvin Harris - This Is What You Came For (Official Video) ft. Rihanna,2016-06-17T04:01:00Z,2366647365,8508563,501155,294146
,,,,,,
ohHYABXMqUQ,Yes Yes Vegetables Song | CoComelon Nursery Rhymes & Kids Songs,2018-08-10T07:00:06Z,2341231327,5271900,3217155,15703
,,,,,,
5GL9JoH4Sws,Fifth Harmony - Work from Home (Official Video) ft. Ty Dolla $ign,2016-02-26T12:05:00Z,2315247497,9289589,593043,448606
,,,,,,
k85mRPqvMbE,Crazy Frog - Axel F (Official Video),2009-06-17T04:30:53Z,2288196883,8896357,1606908,494065
,,,,,,
2vjPBrBU-TM,Sia - Chandelier (Official Music Video),2014-05-06T13:00:03Z,2270131941,9768614,563694,535737
,,,,,,
kffacxfA7G4,Justin Bieber - Baby (Official Music Video) ft. Ludacris,2010-02-19T08:16:34Z,2271266065,14180414,11540863,4566475
,,,,,,
k2qgadSvNyU,Dua Lipa - New Rules (Official Music Video),2017-07-07T09:00:05Z,2205704922,12459067,574496,337389
,,,,,,
9jI-z9QN6g8,"Casper, Nio Garc√≠a, Darell, Nicky Jam, Bad Bunny, Ozuna - Te Bote Remix (Video Oficial)",2018-04-11T22:00:00Z,2193154489,9041434,884855,477476
,,,,,,
AJtDXIazrMo,Ellie Goulding - Love Me Like You Do (Official Video),2015-01-22T08:00:06Z,2140040604,10092982,407727,261381
,,,,,,
DK_0jXPuIr0,Justin Bieber - What Do You Mean? (Official Music Video),2015-08-31T03:00:00Z,2101120974,8906310,1129511,507844
,,,,,,
L0MK7qz13bU,FROZEN | Let It Go Sing-along | Official Disney UK,2014-01-30T17:16:06Z,2094698041,4797428,993095,192489
,,,,,,
VqEbCxg2bNI,Natti Natasha ‚ùå Ozuna - Criminal [Official Video],2017-08-18T14:32:42Z,2081774766,6301684,687709,243343
,,,,,,
pXRviuL6vMY,twenty one pilots: Stressed Out [OFFICIAL VIDEO],2015-04-28T03:05:18Z,2072702954,12909037,457363,538105
,,,,,,
astISOttCQ0,The Gummy Bear Song - Long English Version,2007-10-09T20:54:01Z,2068601947,4640850,1502008,328746
,,,,,,
uelHwf8o7_U,Eminem - Love The Way You Lie ft. Rihanna,2010-08-05T19:09:46Z,2035030076,9234064,331762,541881
,,,,,,
TyHvyGVs42U,"Luis Fonsi, Demi Lovato - √âchame La Culpa (Video Oficial)",2017-11-17T05:00:01Z,2017353633,8702221,670210,328915
,,,,,,
DiItGE3eAyQ,Daddy Yankee & Snow - Con Calma (Video Oficial),2019-01-24T04:06:52Z,1988370628,9413118,704041,330017
,,,,,,
1_zgKRBrT0Y,"Pedro Cap√≥, Farruko - Calma (Remix - Official Video)",2018-10-05T04:00:00Z,1985239598,9438858,737590,293121
,,,,,,
gMrl27dbT_Y,Hush a Bye Baby | Lullaby for Babies | Infobells,2017-09-16T08:27:54Z,1979703484,5414228,3610099,35907
,,,,,,
MR5XSOdjKMA,Baa Baa Black Sheep | CoComelon Nursery Rhymes & Kids Songs,2018-06-25T07:00:03Z,1966243116,4526308,3094084,7271
,,,,,,
IcrbM1l_BoI,Avicii - Wake Me Up (Official Video),2013-07-29T15:55:09Z,1944466601,8800361,277110,576076
,,,,,,
lY2yjAdbvdQ,Shawn Mendes - Treat You Better,2016-07-12T17:00:05Z,1938294127,8474255,298606,247357
,,,,,,
fLexgOxsZu0,Bruno Mars - The Lazy Song (Official Video),2011-04-15T22:08:07Z,1920088878,9153199,510664,448390
,,,,,,
_I_D_8Z4sJE,Nicky Jam x J. Balvin - X (EQUIS) | Video Oficial | Prod. Afro Bros & Jeon,2018-03-02T05:00:19Z,1885471405,8285317,585991,253793
,,,,,,
KQ6zr6kCPj8,"LMFAO ft. Lauren Bennett, GoonRock - Party Rock Anthem (Official Video)",2011-03-09T06:02:38Z,1865756707,8310674,422481,600498
,,,,,,
ixkoVwKQaJg,"DJ Snake - Taki Taki ft. Selena Gomez, Ozuna, Cardi B (Official Music Video)",2018-10-10T00:35:00Z,1863741537,13802181,850889,489952
,,,,,,
YBHQbu5rbdQ,Fifth Harmony - Worth It (Official Video) ft. Kid Ink,2015-03-28T23:30:00Z,1854857879,8322217,423367,315422
,,,,,,
GMFewiplIbw,"Becky G, Bad Bunny - Mayores (Official Video)",2017-07-14T04:00:00Z,1849655328,5967784,685550,295767
,,,,,,
PIh2xe4jnpk,MAGIC! - Rude (Official Music Video),2013-12-06T05:01:00Z,1846824151,7205511,293422,194968
,,,,,,
FM7MFYoylVs,The Chainsmokers & Coldplay - Something Just Like This (Lyric),2017-02-22T21:15:00Z,1840990718,8130129,321679,238305
,,,,,,
138nNxXUJXw,‡§π‡§Æ‡•ç‡§™‡•ç‡§ü‡•Ä ‡§ü‡•ç‡§∞‡•à‡§® ‡§î‡§∞ ‡§â‡§∏‡§ï‡•á ‡§´‡§≤ ‡§¶‡•ã‡§∏‡•ç‡§§‡•ã‡§Ç ‡§∏‡•á ‡§Æ‡§ø‡§≤‡§ø‡§è  | Humpty the train on a fruits ride | Kiddiestv Hindi,2018-01-26T13:29:25Z,1806387531,4615926,3380861,7651
,,,,,,
SXiSVQZLje8,Ariana Grande ft. Nicki Minaj - Side To Side (Official Video) ft. Nicki Minaj,2016-08-30T03:00:00Z,1773043453,9309819,540031,485685
,,,,,,
ALZHF5UqnU4,Marshmello - Alone (Official Music Video),2016-07-02T18:02:11Z,1773091493,17021349,593561,844318
,,,,,,
zEf423kYfqk,"Becky G, Natti Natasha - Sin Pijama (Official Video)",2018-04-20T10:40:51Z,1758241311,6743068,714848,329608
,,,,,,
vjW8wmF5VWc,Silent√≥ - Watch Me (Whip/Nae Nae) (Official Music Video),2015-06-25T11:00:03Z,1752653312,8943899,980399,414261
,,,,,,
e_04ZrNroTo,Wheels on the Bus | CoComelon Nursery Rhymes & Kids Songs,2018-05-24T07:00:02Z,1743671324,4329618,2625113,31681
,,,,,,
34Na4j8AVgA,The Weeknd - Starboy ft. Daft Punk (Official Video),2016-09-28T16:00:01Z,1723036653,7517993,497712,343951
,,,,,,
450p7goxZqg,John Legend - All of Me (Official Video),2013-10-02T14:00:06Z,1715927040,9056465,283172,204112
,,,,,,
HCjNJDNzw8Y,Camila Cabello - Havana (Audio) ft. Young Thug,2017-08-03T16:00:02Z,1711079551,9010384,461829,429975
,,,,,,
PMivT7MJ41M,Bruno Mars - That‚Äôs What I Like (Official Video),2017-03-02T02:00:11Z,1709036534,9461633,480715,320147
,,,,,,
rYEDA3JcQqw,Adele - Rolling in the Deep (Official Music Video),2010-11-30T23:29:12Z,1706608962,7281998,258738,364215
,,,,,,
TapXs54Ah3E,J. Balvin - Ay Vamos (Official Video),2014-08-29T16:06:21Z,1693752656,4271420,283809,119609
,,,,,,
uxpDa-c-4Mc,Drake - Hotline Bling,2015-10-26T22:00:03Z,1643795176,8360200,640828,410330
,,,,,,
iOe6dI2JhgU,Ricky Martin - Vente Pa' Ca ft. Maluma (Official Music Video),2016-09-22T23:00:03Z,1640009437,3512825,386942,123193
,,,,,,
sGIm0-dQd8M,Daddy Yankee - Dura (Video Oficial),2018-01-18T22:32:49Z,1634863697,7166187,639892,268035
,,,,,,
j8z7UjET1Is,Baby Shark | Kids Songs and Nursery Rhymes | Animal Songs from Bounce Patrol,2018-05-12T13:53:59Z,1637804465,4070177,2496165,32209
,,,,,,
t_jHrUE5IOk,Maluma - Felices los 4 (Official Video),2017-04-21T10:00:08Z,1618944527,5511153,619100,245142
,,,,,,
rtOvBOTyX00,Christina Perri - A Thousand Years [Official Music Video],2011-10-26T20:55:17Z,1620467250,9781095,248702,394086
,,,,,,
QFs3PIZb3js,Romeo Santos - Propuesta Indecente (Official Video),2013-09-09T15:01:01Z,1614989385,3384683,273576,107774
,,,,,,
4XLQpRI_wOQ,This Is The Way | Kids Songs | Super Simple Songs,2016-06-08T15:30:00Z,1619259188,3684429,2445278,3629
,,,,,,
7jpqqBX-Myw,CNCO - Reggaet√≥n Lento (Bailemos),2016-10-07T07:00:00Z,1585004121,5419522,487545,299926
,,,,,,
0dkHZYeIGIk,LA VACA LOLA canciones infantiles,2016-04-13T03:04:15Z,1590458942,4116952,2396541,33758
,,,,,,
t4H_Zoh7G5A,Jennifer Lopez - On The Floor ft. Pitbull,2011-03-04T01:40:06Z,1580410077,5432496,300766,376109
,,,,,,
Io0fBr1XBUA,The Chainsmokers - Don't Let Me Down ft. Daya (Official Music Video),2016-04-29T07:30:01Z,1564984055,8867669,291630,255299
,,,,,,
oyEuk8j8imI,Justin Bieber - Love Yourself (Official Music Video),2015-11-14T15:00:01Z,1559513930,6931050,487427,242427
,,,,,,
7wtfhZwyrcc,Imagine Dragons - Believer,2017-03-07T14:00:00Z,1570133915,13595693,382938,472444
,,,,,,
lWA2pjMjpBs,Rihanna - Diamonds,2012-11-09T00:18:50Z,1535695651,6885592,318491,335430
,,,,,,
y7d9VLRO3vc,Piso 21 - D√©jala Que Vuelva (feat. Manuel Turizo) [Video Oficial],2017-10-20T05:01:28Z,1531678859,2962908,246810,64736
,,,,,,
p7bfOZek9t4,"ROSAL√çA, J Balvin - Con Altura (Official Video) ft. El Guincho",2019-03-28T17:00:06Z,1538455780,6669318,652582,236503
,,,,,,
hLQl3WQQoQ0,Adele - Someone Like You (Official Music Video),2011-09-29T23:56:00Z,1531711550,6913857,241215,308603
,,,,,,
0HDdjwpPM3Y,"Jessie J, Ariana Grande, Nicki Minaj - Bang Bang (Official Video)",2014-08-26T01:00:02Z,1527068565,7552042,376065,239298
,,,,,,
yzTuBuRdAyA,The Weeknd - The Hills (Official Video),2015-05-27T13:00:03Z,1524833167,8377893,355393,269216
,,,,,,
nYh-n7EOtMA,Sia - Cheap Thrills (Lyric Video) ft. Sean Paul,2016-02-11T04:00:01Z,1510828912,6558728,268596,164026
,,,,,,
NGLxoKOvzu4,Jason Derulo - Swalla (feat. Nicki Minaj & Ty Dolla $ign) (Official Music Video),2017-03-17T21:40:57Z,1508836558,7861462,698637,242015
,,,,,,
LjhCEhWiKXk,Bruno Mars - Just The Way You Are [Official Video],2010-09-08T21:29:01Z,1506350419,5524772,209537,212716
,,,,,,
AMTAQ-AJS4Y,Chino y Nacho - Andas En Mi Cabeza ft. Daddy Yankee (Video Oficial),2016-04-20T07:00:01Z,1499251882,3689019,289498,163230
,,,,,,
_P7S2lKif-A,MC Fioti - Bum Bum Tam Tam (KondZilla) | Official Music Video,2017-03-08T22:00:01Z,1499880436,11158056,776774,360333
,,,,,,
UprcpdwuwCg,twenty one pilots: Heathens (from Suicide Squad: The Album) [OFFICIAL VIDEO],2016-06-21T22:25:16Z,1497679226,10653391,299438,427115
,,,,,,
fKopy74weus,Imagine Dragons - Thunder,2017-05-03T02:00:00Z,1496619206,8793649,422474,327113
,,,,,,
aKuivabiOns,Daddy Yankee - Shaky Shaky (Video Oficial),2016-07-15T04:01:47Z,1484630543,4690276,571085,234089
,,,,,,
GmHrjFIWl6U,Maluma - Coraz√≥n (Official Video) ft. Nego do Borel,2017-12-08T11:00:01Z,1479568149,4930218,501896,209227
,,,,,,
8dVt7eE3BAo,Talking Angela - Summer Fun at the Beach with Talking Tom (Shorts Combo),2017-06-30T12:23:46Z,1486676212,3799193,1774711,37482
,,,,,,
8UVNT4wvIGY,Gotye - Somebody That I Used To Know (feat. Kimbra) - official music video,2011-07-05T21:29:29Z,1477162576,8452167,395384,626685
,,,,,,
yCjJyiqpAuU,Twinkle Twinkle Little Star,2010-09-05T23:25:33Z,1470808246,2447279,1257603,23550
,,,,,,
3bLfzgZ-wO8,‡§≤‡§ï‡•ú‡•Ä ‡§ï‡•Ä ‡§ï‡§æ‡§†‡•Ä | Lakdi ki kathi | Popular Hindi Children Songs | Animated Songs by JingleToons,2018-06-14T05:53:03Z,1486908901,4668075,3516049,22121
,,,,,,
QK8mJJJvaes,MACKLEMORE & RYAN LEWIS - THRIFT SHOP FEAT. WANZ (OFFICIAL VIDEO),2012-08-29T15:53:50Z,1459335148,8757470,327771,473471
,,,,,,
kkx-7fsiWgg,22. Hasta el Amanecer - Nicky Jam | Video Oficial,2016-01-15T03:39:24Z,1450955768,4027450,261957,163121
,,,,,,
wfWkmURBNv8,Ozuna x Romeo Santos - El Farsante (Remix) (Video Oficial),2018-01-30T15:00:05Z,1452903877,4213577,452076,150305
,,,,,,
0VR3dfZf9Yg,"Anuel AA, Daddy Yankee, Karol G, Ozuna & J Balvin - China (Video Oficial)",2019-07-19T14:03:10Z,1434491933,6564624,489312,267303
,,,,,,
weeI1G46q0o,"DJ Khaled - I'm The One ft. Justin Bieber, Quavo, Chance the Rapper, Lil Wayne",2017-04-28T10:00:04Z,1425743499,8355258,684612,377470
,,,,,,
kXYiU_JCYtU,Numb (Official Video) - Linkin Park,2007-03-05T08:12:00Z,1424299340,8670182,202980,476154
,,,,,,
j5-yKhDd64s,Eminem - Not Afraid (Official Video),2010-06-05T05:02:39Z,1419377720,8660713,236686,811660
,,,,,,
gCYcHz2k5x0,Martin Garrix - Animals (Official Video),2013-06-17T14:30:09Z,1412599989,8722635,308030,299455
,,,,,,
CGyEd0aKWZE,Ellie Goulding - Burn (Official Video),2013-07-07T23:00:13Z,1410913408,5004170,175097,174308
,,,,,,
VYtJAuoZxcc,Una Lady Como T√∫ - MTZ Manuel Turizo | Video Oficial,2017-03-16T22:03:12Z,1410731243,4286901,298304,144352
,,,,,,
EGymN-Lc87M,Old MacDonald Had a Farm - Kids nursery rhymes,2013-11-12T21:07:30Z,1429890858,4190379,2946548,10356
,,,,,,
aDCcLQto5BM,Danny Ocean -  Me Reh√∫so (Official Audio),2016-09-18T22:56:41Z,1398930057,4083785,315619,153627
,,,,,,
8SbUC-UaAxE,Guns N' Roses - November Rain,2009-12-25T08:37:37Z,1402794688,4657976,263445,255011
,,,,,,
#NAME?,"Carlos Vives, Shakira - La Bicicleta",2016-07-08T07:30:00Z,1394987288,3489863,373067,154896
,,,,,,
ebXbLfLACGM,Calvin Harris - Summer (Official Video),2014-04-06T23:00:01Z,1391940028,4515717,186572,109628
,,,,,,
020g-0hhCAU,Baby Shark | CoComelon Nursery Rhymes & Kids Songs,2017-11-21T08:00:01Z,1408739417,3098867,2015659,118
,,,,,,
tt2k8PGm-TI,ZAYN - Dusk Till Dawn ft. Sia (Official Music Video),2017-09-07T12:00:09Z,1396440272,8831803,279602,315981
,,,,,,
x1fe8-Qli9E,–ú–∞—à–∞ –∏ –ú–µ–¥–≤–µ–¥—å (Masha and The Bear) - –ü—Ä–∏—è—Ç–Ω–æ–≥–æ –∞–ø–ø–µ—Ç–∏—Ç–∞ (24 –°–µ—Ä–∏—è),2012-09-21T12:27:04Z,1384829246,1888856,1004696,1170
,,,,,,
uO59tfQ2TbA,"David Guetta - Hey Mama (Official Video) ft Nicki Minaj, Bebe Rexha & Afrojack",2015-05-19T19:41:51Z,1379637322,5577489,274609,138978
,,,,,,
EgqUJOudrcM,Calvin Harris & Disciples - How Deep Is Your Love,2015-08-06T07:00:01Z,1377247193,4500826,214361,119705
,,,,,,
QcIy9NiNbmo,Taylor Swift - Bad Blood ft. Kendrick Lamar,2015-05-18T04:00:00Z,1374833281,7257049,549012,442690
,,,,,,
Fn9adh4HWUU,UPA CAVALINHO - Clipe M√∫sica Oficial - Galinha Pintadinha DVD 4,2017-07-07T20:44:07Z,1363849373,3886848,1867018,33939
,,,,,,
dhsy6epaJGs,PULCINO PIO - El Pollito Pio (Official video),2012-11-29T09:27:58Z,1342543874,2974087,1040195,132589
,,,,,,
Vtos9gw1HJI,Sick Song | CoComelon Nursery Rhymes & Kids Songs,2018-07-20T07:00:04Z,1342175207,2576719,1544926,8972
,,,,,,
Mtau4v6foHA,"Carlos Vives, Sebastian Yatra - Robarte un Beso (Official Video)",2017-07-28T07:00:01Z,1335520452,3432845,250035,99803
,,,,,,
ASO_zypdnsQ,PSY - GENTLEMAN M/V,2013-04-13T11:59:04Z,1334789572,6220011,890026,960165
,,,,,,
YykjpeuMNEk,Coldplay - Hymn For The Weekend (Official Video),2016-01-29T15:00:38Z,1323781079,7748421,229072,276776
,,,,,,
hXI8RQYC36Q,21. El Perd√≥n - Nicky Jam y Enrique Iglesias  [Official Music Video YTMAs],2015-03-23T16:58:31Z,1310720602,3679500,204265,93551
,,,,,,
1G4isv_Fylg,Coldplay - Paradise (Official Video),2011-10-19T02:42:54Z,1307868482,5835991,168225,290999
,,,,,,
JRfuAukYTKg,David Guetta - Titanium ft. Sia (Official Video),2011-12-21T00:00:00Z,1308066954,6163410,189343,262107
,,,,,,
KWGrPNqz4uc,Ozuna - Se Prepar√≥ (Video Oficial) | Odisea,2017-08-10T22:00:02Z,1305523155,4616270,366137,173919
,,,,,,
YG2p6XBuSKA,El Amante - Nicky Jam (Video Oficial)  (√Ålbum F√©nix),2017-01-16T04:18:25Z,1303385467,3552293,333517,117417
,,,,,,
UqyT8IEBkvY,Bruno Mars - 24K Magic (Official Video),2016-10-07T03:31:50Z,1288995673,6070342,358021,223920
,,,,,,
fWNaR-rxAic,Carly Rae Jepsen - Call Me Maybe,2012-03-01T23:21:04Z,1286866776,6133437,330468,591270
,,,,,,
3X9wEwulYhk,Wisin - Esc√°pate Conmigo (Official Video) ft. Ozuna,2017-03-31T04:00:00Z,1286769191,3325758,296691,87588
,,,,,,
nCkpzqqog4k,Sam Smith - I'm Not The Only One (Official Video),2014-08-01T10:00:04Z,1281535594,4807314,172531,123428
,,,,,,
EA_fbT6oN2k,Johny Johny Yes Papa Nursery Rhyme |  Part 3 -  3D Animation Rhymes & Songs for Children,2017-01-26T06:29:18Z,1271658032,2205278,1297952,27975
,,,,,,
RqpKDkVzlqU,Joey Montana - Picky,2015-06-29T20:00:00Z,1262185093,3142918,367888,203957
,,,,,,
KlyXNRrsk4A,Katy Perry - Last Friday Night (T.G.I.F.),2011-06-12T23:00:00Z,1262152003,5065266,377034,397366
,,,,,,
VbfpW0pbvaU,Shawn Mendes - Stitches (Official Video),2015-06-25T00:00:01Z,1256751088,8729218,271593,394491
,,,,,,
foE1mO2yM04,Mike Posner - I Took A Pill In Ibiza (Seeb Remix) (Explicit),2016-02-27T01:00:00Z,1256916736,5853479,278068,205722
,,,,,,
VMp55KH_3wo,Gente de Zona - La Gozadera (Official Music Video) ft. Marc Anthony,2015-06-05T22:00:00Z,1249833621,2487210,179715,119029
,,,,,,
QGJuMBdaqIw,Katy Perry - Firework (Official),2010-10-28T19:37:50Z,1249058604,4689759,235236,416249
,,,,,,
9sg-A-eS6Ig,"Enrique Iglesias - SUBEME LA RADIO (Official Video) ft. Descemer Bueno, Zion & Lennox",2017-02-24T08:00:01Z,1249633546,4971335,379592,148327
,,,,,,
qrO4YZeyl0I,Lady Gaga - Bad Romance (Official Music Video),2009-11-24T08:15:30Z,1245018210,5037919,418035,823791
,,,,,,
IHNzOHi8sJs,BLACKPINK - ‚ÄòÎöúÎëêÎöúÎëê (DDU-DU DDU-DU)‚Äô M/V,2018-06-15T09:00:05Z,1249788735,13943318,803074,2264828
,,,,,,
iS1g8G_njx8,Ariana Grande ft. Iggy Azalea - Problem (Official Video),2014-05-30T20:00:01Z,1232556083,5631340,317536,276292
,,,,,,
ru0K8uYEZWw,"CAN'T STOP THE FEELING! (From DreamWorks Animation's ""Trolls"") (Official Video)",2016-05-17T04:00:01Z,1234892507,4837211,311569,160323
,,,,,,
SC4xMk98Pdc,Post Malone - Congratulations ft. Quavo,2017-01-23T18:00:30Z,1231282512,7161740,379878,248175
,,,,,,
hHUbLv4ThOo,Pitbull - Timber ft. Ke$ha (Official Video),2013-11-25T18:19:53Z,1219902946,4215559,236526,139989
,,,,,,
c73Cu3TQnlg,"Chris Jeday - Ahora Dice (Official Video) ft. J. Balvin, Ozuna, Arc√°ngel",2017-03-20T04:00:01Z,1216433986,3938744,287389,149201
,,,,,,
OpQFFLBMEPI,P!nk - Just Give Me A Reason ft. Nate Ruess,2013-02-05T22:00:58Z,1198777344,4780233,182804,145562
,,,,,,
xTlNMmZKwpA,"Cardi B, Bad Bunny & J Balvin - I Like It [Official Music Video]",2018-05-29T14:05:10Z,1200314844,7839080,500368,295303
,,,,,,
PJniSb91tvo,Maluma - El Perdedor (Official Video),2016-04-22T07:00:01Z,1194617653,2767584,195010,110743
,,,,,,
J_ub7Etch2U,Sam Smith - Too Good At Goodbyes (Official Video),2017-09-18T10:00:01Z,1194578171,5418479,233782,124900
,,,,,,
KTOwPz-zMWY,Yes Yes Playground Song | CoComelon Nursery Rhymes & Kids Songs,2018-10-23T07:00:02Z,1204445180,2521198,1638049,12177
,,,,,,
lS_ubz6Sa9c,–ú–∞—à–∞ –∏ –ú–µ–¥–≤–µ–¥—å (Masha and The Bear) - –ë–æ–ª—å—à–∞—è —Å—Ç–∏—Ä–∫–∞ (18 –°–µ—Ä–∏—è),2012-01-31T12:29:54Z,1189754076,1551403,854139,771
,,,,,,
wxMrtK-kYnE,"Sesame Street: Healthy Teeth, Healthy Me: Brushy Brush PSA",2012-03-01T07:47:22Z,1205151457,2910621,1757706,13353
,,,,,,
DruYNHN4FYY,Yes Yes Vegetables Song + More Nursery Rhymes & Kids Songs - CoComelon,2018-09-07T07:00:03Z,1199109570,4560299,2938092,13519
,,,,,,
fJ9rUzIMcZQ,Queen ‚Äì Bohemian Rhapsody (Official Video Remastered),2008-08-01T11:06:40Z,1185695503,7811514,258008,530202
,,,,,,
lBztnahrOFw,Ricky Martin - La Mordidita ft. Yotuel (Official Video),2015-06-12T22:00:01Z,1179605859,2023545,216186,62418
,,,,,,
ktvTqknDobU,Imagine Dragons - Radioactive,2012-12-10T16:40:07Z,1178875147,7300870,221042,313634
,,,,,,
xpVfcZ0ZcFM,Drake - God's Plan,2018-02-17T05:00:01Z,1175644059,12002201,444028,573286
,,,,,,
3tmd-ClpJxA,Taylor Swift - Look What You Made Me Do,2017-08-28T00:30:22Z,1174522028,9765984,1301397,737701
,,,,,,
CvKgP6Ei-U8,Surprise Eggs Nursery Rhymes | Old MacDonald Had A Farm | Learn Colours & Farm Animals | ChuChu TV,2015-09-22T06:41:31Z,1171584599,1905156,1350964,815
,,,,,,
q0hyYWKXF0Q,TONES AND I - DANCE MONKEY (OFFICIAL VIDEO),2019-06-24T22:01:36Z,1185693407,10372432,548816,271845
,,,,,,
QJO3ROT-A4E,One Direction - What Makes You Beautiful (Official Video),2011-08-19T15:00:00Z,1170943856,7623246,452005,1084153
,,,,,,
z1gFMujtH-o,Pollito Amarillito ORIGINAL - Gallina Pintadita 1 - Oficial - Canciones infantiles,2011-08-10T18:02:37Z,1168464732,1816002,1078085,27296
,,,,,,
Bznxx12Ptl0,AronChupa - I'm an Albatraoz | OFFICIAL VIDEO,2014-10-13T07:00:04Z,1158171778,8073841,304273,247633
,,,,,,
bdOXnTbyk0g,Prince Royce - Darte un Beso,2013-08-20T16:00:19Z,1153104981,3163353,190379,129860
,,,,,,
nfs8NYg7yQM,Charlie Puth - Attention [Official Video],2017-04-24T17:00:05Z,1145351988,7618938,209580,207394
,,,,,,
nntGTK2Fhb0,"Skrillex and Diplo - ""Where Are √ú Now"" with Justin Bieber (Official Video)",2015-06-29T12:54:22Z,1142257475,5214161,334163,297322
,,,,,,
iQEVguV71sI,"Thal√≠a, Natti Natasha - No Me Acuerdo (Video Oficial)",2018-06-01T07:00:07Z,1139447661,3488171,417134,220954
,,,,,,
YpkJO_GrCo0,"Laung Laachi Title Song  Mannat Noor | Ammy Virk, Neeru Bajwa,Amberdeep | Latest Punjabi Movie 2018",2018-02-21T08:29:56Z,1140638468,4044641,613461,234944
,,,,,,
0yW7w8F2TVA,James Arthur - Say You Won't Let Go,2016-09-09T07:00:00Z,1136285313,5587609,155581,145512
,,,,,,
ycV6cnK3SIs,BEBE - 6ix9ine Ft. Anuel AA (Prod. By Ronny J) (Official Music Video),2018-08-31T18:57:10Z,1131507194,6473947,780122,437523
,,,,,,
7zp1TbLFPp8,Don Omar - Danza Kuduro ft. Lucenzo,2010-08-11T20:39:10Z,1126402713,3302572,180148,193234
,,,,,,
L3wKzyIN1yk,Rag'n'Bone Man - Human (Official Video),2016-07-21T11:00:00Z,1125228645,7280839,228295,176790
,,,,,,
ApXoWvfEYVU,"Post Malone, Swae Lee - Sunflower (Spider-Man: Into the Spider-Verse)",2018-10-18T16:00:03Z,1127920486,7558507,271835,228205
,,,,,,
7-7knsP2n5w,Shakira - La La La (Brazil 2014) ft. Carlinhos Brown,2014-05-22T11:00:06Z,1118726452,4952715,316849,251328
,,,,,,
s_GAqfmQK-g,Chal Chal Gurram | Telugu Rhymes for Children | Infobells,2016-11-18T10:33:37Z,1130289640,2830935,1961672,15426
,,,,,,
w2C6RhQBYlg,"Jhay Cortez, J. Balvin, Bad Bunny - No Me Conoce (Remix)",2019-05-17T04:00:03Z,1121120327,3651124,229797,73285
,,,,,,
CTFtOOh47oo,French Montana - Unforgettable ft. Swae Lee,2017-04-14T04:01:00Z,1112671108,5174193,281733,134971
,,,,,,
1w7OgIMMRc4,Guns N' Roses - Sweet Child O' Mine (Official Music Video),2009-12-25T06:54:53Z,1109651685,4655143,198103,180528
,,,,,,
AETFvQonfV8,"‡§π‡§®‡•Å‡§Æ‡§æ‡§® ‡§ö‡§æ‡§≤‡•Ä‡§∏‡§æ Hanuman Chalisa I GULSHAN KUMAR I HARIHARAN, Full HD Video I Shree Hanuman Chalisa",2011-05-10T01:35:09Z,1120606089,3933379,607976,343705
,,,,,,
KWZGAExj-es,Sia - Elastic Heart feat. Shia LaBeouf & Maddie Ziegler (Official Video),2015-01-07T17:00:02Z,1102774353,4200486,309552,279470
,,,,,,
hTWKbfoikeg,Nirvana - Smells Like Teen Spirit (Official Music Video),2009-06-16T22:14:25Z,1100032701,6759160,198125,381752
,,,,,,
KEI4qSrkPAs,The Weeknd - Can't Feel My Face (Official Video),2015-07-29T16:00:02Z,1095115784,4965233,199714,175076
,,,,,,
HL1UzIK-flA,Rihanna - Work (Explicit) ft. Drake,2016-02-22T17:00:00Z,1090654235,6376406,581849,381058
,,,,,,
djV11Xbc914,a-ha - Take On Me (Official 4K Music Video),2010-01-06T17:58:29Z,1095114993,5269528,175366,237219
,,,,,,
My2FRPA3Gf8,Miley Cyrus - Wrecking Ball (Official Video),2013-09-09T16:00:38Z,1086075285,5768188,1581843,1084274
,,,,,,
y6Sxv-sUYtM,Pharrell Williams - Happy (Official Music Video),2013-11-22T05:00:00Z,1083117281,4675088,247198,161028
,,,,,,
XbGs_qK2PQA,Eminem - Rap God (Explicit) [Official Video],2013-11-27T16:50:00Z,1083399357,13464987,426331,1027108
,,,,,,
1-xGerv5FOk,Alan Walker - Alone,2016-12-02T07:59:01Z,1082070489,8480647,191466,384287
,,,,,,
QtXby3twMmI,Coldplay - Adventure Of A Lifetime (Official Video),2015-11-29T08:00:45Z,1076800229,3921664,236329,127665
,,,,,,
Pkh8UtuejGw,"Shawn Mendes, Camila Cabello - Se√±orita",2019-06-21T03:57:42Z,1080930499,15995659,477670,573834
,,,,,,
4LfJnj66HVQ,"Lil Pump - ""Gucci Gang"" (Official Music Video)",2017-10-23T16:05:47Z,1070777322,10783809,1632600,758122
,,,,,,
3yd_eoMOvqk,MC Kevinho - Olha a Explos√£o (KondZilla) | Official Music Video,2016-12-26T21:00:00Z,1069233422,7046129,523920,258756
,,,,,,
VuNIsY6JdUw,Taylor Swift - You Belong With Me,2009-06-16T22:02:30Z,1071693238,5590840,198820,338505
,,,,,,
OSUxrSe5GbI,Bad Bunny feat. Drake - Mia ( Video Oficial ),2018-10-11T16:02:47Z,1062109763,5795934,326571,190238
,,,,,,
yUV9JwiQLog,J Balvin - 6 AM ft. Farruko (Official Video),2014-04-04T19:30:01Z,1058247560,2126852,133117,57215
,,,,,,
L8eRzOYhLuw,Ariana Grande - Break Free ft. Zedd,2014-08-13T00:55:01Z,1057201351,4924352,328019,306103
,,,,,,
o3mP3mJDL2k,Shakira - Can't Remember to Forget You ft. Rihanna,2014-01-31T01:35:01Z,1053368240,4414557,317486,233484
,,,,,,
yrynT4T55Xc,Hindi : Nani Teri Morni Ko Mor Le Gaye (‡§®‡§æ‡§®‡•Ä ‡§§‡•á‡§∞‡•Ä ‡§Æ‡•ã‡§∞‡§®‡•Ä),2016-03-11T09:29:12Z,1059270367,3297401,1956048,33335
,,,,,,
pB-5XG-DbAA,Sam Smith - Stay With Me (Official Video),2014-03-28T00:00:01Z,1048661076,4478454,153395,119462
,,,,,,
eNLjdPI9zdE,La Vaca Lola - Canciones de La Granja de Zen√≥n 2,2014-04-12T14:30:01Z,1051898932,2423285,1369995,24037
,,,,,,
gFZfwWZV074,"Anuel AA, KAROL G - Secreto",2019-01-15T05:00:01Z,1047533753,5470225,385009,229784
,,,,,,
MBdVXkSdhwU,BTS (Î∞©ÌÉÑÏÜåÎÖÑÎã®) 'DNA' Official MV,2017-09-18T09:00:02Z,1048133233,15196403,788865,6217700
,,,,,,
bnVUHWCynig,Beyonc√© - Halo,2009-10-03T20:59:40Z,1043205215,4791134,164389,163120
,,,,,,
3O1_3zBUKM8,Naughty Boy - La la la ft. Sam Smith (Official Video),2013-04-18T23:01:31Z,1034165460,5187837,332713,297003
,,,,,,
6Ejga4kJUts,The Cranberries - Zombie (Official Music Video),2009-06-16T22:48:29Z,1030722996,5037482,204709,268953
,,,,,,
0aZ7lPQ5EXs,El Gallo y la Pata - Canciones de la Granja de Zen√≥n 2,2014-03-15T14:30:00Z,1037498679,2036604,1225063,6446
,,,,,,
jGflUbPQfW8,OMI - Cheerleader (Felix Jaehn Remix) [Official Video],2015-04-08T07:00:02Z,1023301395,5367201,218448,170462
,,,,,,
SmM0653YvXU,Pitbull - Rain Over Me ft. Marc Anthony,2011-07-22T07:00:00Z,1022625441,3100537,142362,159549
,,,,,,
bpOSxM0rNPM,Arctic Monkeys - Do I Wanna Know? (Official Video),2013-06-19T04:00:33Z,1021947526,5326013,167442,119566
,,,,,,
MuBgIfBR1kA,Dona Aranha - DVD Galinha Pintadinha 3 - OFICIAL,2012-07-18T10:47:31Z,1026515822,2437377,1473081,10984
,,,,,,
eVTXPUF4Oz4,In The End (Official Video) - Linkin Park,2009-10-26T18:31:10Z,1018170312,6289590,160963,311282
,,,,,,
Y2T_rIZ4Pho,Deck the Halls - Christmas Song for Kids | CoComelon Nursery Rhymes & Kids Songs,2018-12-11T08:00:04Z,1021181118,2034108,1243694,5108
,,,,,,
Pw-0pbY9JeU,twenty one pilots - Ride (Official Video),2015-05-13T22:00:26Z,1014109442,7158581,174527,271328
,,,,,,
OxxggwHFj7M,Travesuras - Nicky Jam | Video Oficial,2014-07-03T18:30:14Z,1011880404,2124705,169512,60118
,,,,,,
6BTjG-dhf5s,Daddy Yankee - Limbo (Video Oficial),2012-10-27T14:36:43Z,1012299650,3173525,181117,130983
,,,,,,
LHCob76kigA,Lukas Graham - 7 Years [OFFICIAL MUSIC VIDEO],2015-12-15T15:01:55Z,1010521789,6645852,211951,262013
,,,,,,
6R5i6wQCOCQ,Zion & Lennox ft. J Balvin - Otra Vez (Video Oficial),2016-08-05T15:00:01Z,1006796233,2261901,143310,69855
,,,,,,
LjxulQ1bEWg,Tyga - Taste (Official Video) ft. Offset,2018-05-16T04:00:02Z,1007781259,5129194,299725,115526
,,,,,,
ZzAm13KsBCc,Bath Song + More Nursery Rhymes & Kids Songs - CoComelon,2018-06-04T07:00:04Z,1007947558,3069187,1887891,18893
,,,,,,
5dbEhBKGOtY,"David Guetta - Play Hard ft. Ne-Yo, Akon (Official Video)",2013-04-22T23:00:16Z,1000092401,2942905,165080,112006
,,,,,,
tLcfAnN2QgY,Enrique Iglesias - El Perdedor (Pop) ft. Marco Antonio Sol√≠s,2014-01-20T08:00:01Z,998691370,2729697,169421,80128
,,,,,,
wvY8Ce0K9x0,"Crushing Crunchy & Soft Things by Car! - Floral Foam, Squishy, Tide Pods and More!",2018-11-11T19:57:06Z,995822194,2237171,1127036,69070
,,,,,,
9xByMBYDRmY,Maluma - Sin Contrato (Official Video),2016-08-26T07:00:00Z,996106245,1943821,161456,68939
,,,,,,
w_IINnpSjY8,Beach Song + More Nursery Rhymes & Kids Songs - CoComelon,2019-08-02T07:00:11Z,1017898849,3653955,2263383,8513
,,,,,,
QRa9On5_grA,Mariposita ORIGINAL - Gallina Pintadita 2 - Oficial - Canciones infantiles para ni√±os y beb√©s,2011-08-18T17:45:04Z,1000308737,2017863,1123492,11731
,,,,,,
JXRN_LkCa_o,"Chris Brown - Loyal (Official Video) ft. Lil Wayne, Tyga",2014-03-24T14:00:02Z,993384825,3802623,214801,129121
,,,,,,
a59gmGkq_pw,Major Lazer - Cold Water (feat. Justin Bieber & M√ò) (Official Lyric Video),2016-07-22T03:57:03Z,989094097,4285249,168661,216704
,,,,,,
_UR-l3QI2nE,ABC SONG | ABC Songs for Children - 13 Alphabet Songs & 26 Videos,2014-05-01T11:12:58Z,991696975,1291526,716207,13950
,,,,,,
nSDgHBxUbVQ,Ed Sheeran - Photograph (Official Music Video),2015-05-10T00:40:11Z,989769728,5044638,141008,149161
,,,,,,
wV3N-wCRL2k,Wheels on the Bus + More Nursery Rhymes & Kids Songs - CoComelon,2018-06-28T07:00:03Z,999573236,2968133,1924720,9056
,,,,,,
O-zpOMYRi0w,Iggy Azalea - Fancy ft. Charli XCX (Official Music Video),2014-03-04T16:00:02Z,986040403,4434773,328142,236062
,,,,,,
C_3d6GntKbk,ZAYN - PILLOWTALK (Official Music Video),2016-01-29T05:01:00Z,985282003,6513111,496532,392686
,,,,,,
CUYrEiymUMY,Arcangel x Bad Bunny X Dj Luian X Mambo Kingz - Tu No Vive Asi [Video oficial],2016-10-02T00:41:29Z,985749039,3968537,346168,193050
,,,,,,
kTHNpusq654,Katy Perry - Hot N Cold (Official),2008-10-14T02:07:26Z,980139842,3735059,197871,162101
,,,,,,
k76BgIb89-s,Los √Ångeles Azules - Nunca Es Suficiente ft. Natalia Lafourcade (Live),2018-04-20T00:00:02Z,984682098,2561884,282963,108254
,,,,,,
Sjwl23rk6Tg,"""No No"" Bedtime Song | CoComelon Nursery Rhymes & Kids Songs",2017-07-12T07:00:02Z,991626486,2488140,1595447,19857
,,,,,,
xFutjZEBTXs,Enrique Iglesias - DUELE EL CORAZON ft. Wisin,2016-05-13T11:00:02Z,975474707,3330889,197321,102634
,,,,,,
Uws510cVia4,HA-ASH - Lo Aprend√≠ de Ti (Primera Fila - Hecho Realidad [En Vivo]),2015-03-06T08:00:00Z,977034241,2443938,175094,53036
,,,,,,
HMUDVMiITOU,"DJ Snake, Lil Jon - Turn Down for What",2014-03-14T01:16:45Z,974542956,7719929,521063,364116
,,,,,,
XqkDeM8Rbkg,CHOTU KE GOLGAPPE | ‡§õ‡•ã‡§ü‡•Ç ‡§ï‡•á ‡§ó‡•ã‡§≤‡§ó‡§™‡•ç‡§™‡•á | Khandesh Hindi Comedy | Chotu Comedy Video,2019-01-27T05:09:20Z,981739384,2878117,1165585,44468
,,,,,,
CSvFpBOe8eY,System Of A Down - Chop Suey! (Official Video),2009-10-03T04:45:02Z,971465778,4981259,229474,287683
,,,,,,
S-sJp1FfG7Q,Migos - Bad and Boujee ft Lil Uzi Vert [Official Video],2016-10-31T16:04:33Z,971189790,5663616,411011,222397
,,,,,,
aatr_2MstrI,Clean Bandit - Symphony (feat. Zara Larsson) [Official Video],2017-03-17T10:02:57Z,968108990,5382159,210623,162606
,,,,,,
3JWTaaS7LdU,Whitney Houston - I Will Always Love You (Official Video),2010-09-28T00:18:42Z,964740127,5156774,195925,220925
,,,,,,
bx-fuY7LpSU,Vaina Loca - Ozuna x Manuel Turizo (Video Oficial),2018-06-28T15:01:43Z,962065902,3126953,212990,84563
,,,,,,
N2-HsIYd0Go,Mile Ho Tum - Reprise Version | Neha Kakkar | Tony Kakkar | Fever,2016-07-27T12:25:03Z,962246632,5014508,532393,321990
,,,,,,
dPI-mRFEIH0,Katy Perry - Bon App√©tit (Official) ft. Migos,2017-05-12T19:00:06Z,962055388,5506053,973019,337392
,,,,,,
SR6iYWJxHqs,Bruno Mars - Grenade [Official Video],2010-11-22T16:55:48Z,953016339,3911712,116962,273100
,,,,,,
_Z5-P9v3F8w,Justin Bieber - Never Say Never (Official Music Video) ft. Jaden Smith,2010-05-27T22:11:04Z,952711171,5362342,681965,447335
,,,,,,
BokdSWC2R68,Los √Ångeles Azules - Mis Sentimientos ft. Ximena Sari√±ana (Live),2014-08-01T07:00:05Z,950534436,1441074,196591,54375
,,,,,,
tFoUuFq3vHw,Five Little Ducks | Learn with Little Baby Bum | Nursery Rhymes for Babies | ABCs and 123s,2014-10-24T13:56:22Z,951036893,1060698,661780,4443
,,,,,,
ETLoTxVVvjM,Christian Nodal - Adi√≥s Amor (Video Oficial),2017-01-13T08:00:02Z,950099339,2779640,257141,96425
,,,,,,
jofNR_WkoCE,Ylvis - The Fox (What Does The Fox Say?) [Official music video HD],2013-09-03T13:24:54Z,948291441,7094134,743489,944498
,,,,,,
5qm8PH4xAss,50 Cent - In Da Club (Int'l Version) [Official Video],2009-06-16T23:36:21Z,949823311,4449236,188236,169617
,,,,,,
Dvpd9_5vuks,Ozuna - S√≠guelo Bailando (Video Oficial),2017-11-09T01:14:00Z,946604391,3203095,226291,131190
,,,,,,
LDZX4ooRsWs,Nicki Minaj - Anaconda,2014-08-20T03:59:00Z,945613754,5069068,1665911,566641
,,,,,,
YVkUvmDQ3HY,Eminem - Without Me (Official Video),2009-06-16T23:00:29Z,947540919,5640515,178895,221336
,,,,,,
hjWf8A0YNSE,Guru Randhawa: High Rated Gabru Official Song | DirectorGifty | T-Series,2017-07-04T04:33:11Z,945501963,4062895,429009,222208
,,,,,,
Xk0wdDTTPA0,Maluma - Borro Cassette (Official Video),2015-08-28T07:00:00Z,938785417,2466594,160703,107336
,,,,,,
pgN-vvVVxMA,XXXTENTACION - SAD!,2018-03-02T05:05:53Z,939943540,9510238,195211,1108666
,,,,,,
k0BWlvnBmIE,Katy Perry - Wide Awake (Official Video),2012-06-18T23:53:07Z,931653970,3527281,190320,230425
,,,,,,
2S24-y0Ij3Y,BLACKPINK - 'Kill This Love' M/V,2019-04-04T14:58:45Z,944489977,14573018,918007,1853669
,,,,,,
DyDfgMOUjCI,Billie Eilish - bad guy,2019-03-29T16:00:04Z,932935192,13947629,927604,674491
,,,,,,
OXq-JP8w5H4,"Maluma - Cuatro Babys (Official Video) ft. Trap Capos, Noriel, Bryant Myers, Juhn",2016-10-14T07:00:01Z,925107022,3221744,729549,319416
,,,,,,
fyaI4-5849w,"DJ Khaled - Wild Thoughts (Official Video) ft. Rihanna, Bryson Tiller",2017-06-16T10:00:04Z,927189266,4701498,312428,140479
,,,,,,
Ys7-6_t7OEQ,Justin Bieber - Beauty And A Beat ft. Nicki Minaj (Official Music Video),2012-10-12T15:55:06Z,923695226,5037750,852919,561113
,,,,,,
ffxKSjUwKdU,Ariana Grande - no tears left to cry (Official Video),2018-04-20T04:00:03Z,923775264,6545827,308349,371039
,,,,,,
hcm55lU9knw,Michel Tel√≥ - Ai Se Eu Te Pego -  Video Oficial (Assim voc√™ me mata),2011-07-25T14:46:59Z,923005616,3080130,204957,291218
,,,,,,
w7w59Zp8bEM,Osito Gominola - Full Spanish Version - The Gummy Bear Song,2007-10-16T16:08:19Z,929338265,2438748,1182874,37510
,,,,,,
6QG4n3-rKTs,"20 Surprise Eggs, Kinder Surprise Cars 2 Thomas Spongebob Disney Pixar",2013-06-28T01:44:59Z,921954764,561363,388027,28019
,,,,,,
zDo0H8Fm7d0,Bebe Rexha - Meant to Be (feat. Florida Georgia Line) [Official Music Video],2017-10-23T13:50:02Z,922872451,3978506,234332,92941
,,,,,,
YXnjy5YlDwk,Marc Anthony - Vivir Mi Vida (Official Video),2013-09-10T07:00:08Z,922290473,2143264,178624,67152
,,,,,,
Km4BayZykwE,J Balvin - Si Tu Novio Te Deja Sola ft. Bad Bunny (Official Video),2017-03-04T00:00:01Z,919357310,3009562,248735,111017
,,,,,,
tg00YEETFzg,Rihanna - We Found Love ft. Calvin Harris,2011-10-20T04:00:00Z,918793855,3298866,168248,196748
,,,,,,
V1bFr2SWP1I,"OFFICIAL Somewhere over the Rainbow - Israel ""IZ"" Kamakawiwo ªole",2010-04-12T19:03:28Z,922018537,5927765,236644,307079
,,,,,,
JyqD_zfXfi8,"Reik - Me Niego ft. Ozuna, Wisin",2018-02-16T04:00:01Z,916612985,2953671,228794,86252
,,,,,,
bwmSjveL3Lc,BLACKPINK - 'Î∂êÎ∞îÏïº'(BOOMBAYAH) M/V,2016-08-08T11:17:04Z,922897718,8576924,417496,630743
,,,,,,
BQ0mxQXmLsk,Camila Cabello - Havana (Official Music VIdeo) ft. Young Thug,2017-10-24T13:00:01Z,912034309,9066839,447672,460667
,,,,,,
_Yhyp-_hX2s,Eminem - Lose Yourself [HD],2015-08-07T01:12:12Z,913464828,5302493,163964,189755
,,,,,,
ekzHIouo8Q4,Bruno Mars - When I Was Your Man (Official Video),2013-02-05T20:01:34Z,910407367,4327500,122917,159941
,,,,,,
oC-GflRB0y4,David Guetta & Showtek - Bad ft.Vassy (Lyrics Video),2014-04-10T13:00:38Z,906535178,3744273,170958,95046
,,,,,,
x6Q7c9RyMzk,"Maari 2 - Rowdy Baby (Video Song) | Dhanush, Sai Pallavi | Yuvan Shankar Raja | Balaji Mohan",2019-01-02T12:31:14Z,913887508,3527229,578269,178512
,,,,,,
PEGccV-NOm8,Cardi B - Bodak Yellow [OFFICIAL MUSIC VIDEO],2017-06-24T23:41:47Z,906279273,6516188,611938,385317
,,,,,,
dT2owtxkU8k,Shawn Mendes - There's Nothing Holdin' Me Back,2017-06-21T04:00:01Z,905114409,6237816,152881,185386
,,,,,,
V_MXGdSBbAI,"6ix9ine, Nicki Minaj, Murda Beatz - ‚ÄúFEFE‚Äù (Official Music Video)",2018-07-22T19:23:55Z,902776167,7588608,917815,492723
,,,,,,
BBAyRBTfsOU,"Vaaste Song: Dhvani Bhanushali, Tanishk Bagchi | Nikhil D | Bhushan Kumar | Radhika Rao, Vinay Sapru",2019-04-06T11:56:37Z,910456291,7218052,541781,227587
,,,,,,
JF8BRvqGCNs,Rihanna - Stay ft. Mikky Ekko,2013-02-12T12:55:10Z,898972865,3612508,172333,152896
,,,,,,
8iPcqtHoR3U,Romeo Santos - Eres M√≠a,2014-07-16T22:00:04Z,897655775,2317462,174170,58378
,,,,,,
LrUvu1mlWco,Miley Cyrus - We Can't Stop (Official Video),2013-06-19T15:47:00Z,895134856,3954017,1372116,861284
,,,,,,
_dK2tDK9grQ,Ed Sheeran - Shape Of You [Official Lyric Video],2017-01-06T04:59:03Z,892667183,4782104,233031,162693
,,,,,,
lKDGxAHZt0E,"Alex Rose - Toda (Remix) Ft. Cazzu, Lenny Tavarez, Lyanno & Rauw Alejandro (Video Oficial)",2018-06-01T03:51:55Z,898203000,2957989,185414,68072
,,,,,,
JWESLtAKKlU,"J Balvin - Safari ft. Pharrell Williams, BIA, Sky (Official Video)",2016-09-02T07:00:00Z,892479361,2981861,166278,87459
,,,,,,
bo_efYhYU2A,"Lady Gaga, Bradley Cooper - Shallow (from A Star Is Born) (Official Music Video)",2018-09-27T16:30:01Z,896750394,5470130,174601,153626
,,,,,,
6DRkf3kZMXw,Ozuna - El Farsante (Audio Oficial) | Odisea,2017-07-03T19:07:56Z,890617306,3460756,223097,174312
,,,,,,
0yr75-gxVtM,Chino & Nacho - Me Voy Enamorando ft. Farruko (Remix) (Official Music Video),2015-05-07T07:00:00Z,891927565,2422852,143754,77349
,,,,,,
euCqAq6BRa4,DJ Snake - Let Me Love You ft. Justin Bieber (Official Video),2016-11-29T18:00:02Z,890905243,6056258,221274,160920
,,,,,,
lf_wVfwpfp8,Ariana Grande - Focus,2015-10-30T04:01:00Z,889787389,5103336,439735,411488
,,,,,,
vu5-aKf_QqA,"SIMMBA: Aankh Marey Lyrical | Ranveer Singh, Sara Ali Khan | Tanishk Bagchi,Neha Kakkar, Kumar Sanu",2018-12-11T13:59:09Z,890805505,2211748,713286,67023
,,,,,,
XI2sXvesncc,Halloween Baby Shark | Kids Songs and Nursery Rhymes | Halloween Songs from Bounce Patrol,2018-10-13T12:47:16Z,886760250,1628945,1080753,13076
,,,,,,
6-n_szx2XRE,Rahat Fateh Ali Khan - Zaroori Tha,2014-06-09T01:00:01Z,886728592,3751156,421122,224789
,,,,,,
7OHMqdMpsj8,Play Doh Ice cream cupcakes playset playdough by Unboxingsurpriseegg - Vengatoon,2014-03-18T15:40:24Z,880722495,657083,386642,35648
,,,,,,
bbEoRnaOIbs,"Mike WiLL Made-It - 23 ft. Miley Cyrus, Wiz Khalifa, Juicy J (Official Music Video)",2013-09-24T15:40:01Z,879309069,4151124,452086,266514
,,,,,,
fwK7ggA3-bU,Maroon 5 - One More Night (Official Music Video),2012-06-26T16:00:10Z,877091506,3330081,104281,121562
,,,,,,
6NXnxTNIWkc,4 Non Blondes - What's Up (Official Video),2011-02-23T21:30:01Z,878432536,3626295,189241,129709
,,,,,,
dZ0fwJojhrs,Guru Randhawa: Lahore (Official Video) Bhushan Kumar | Vee | DirectorGifty | T-Series,2017-12-14T04:29:47Z,876550342,4232754,506677,249961
,,,,,,
Jwgf3wmiA04,One Direction - Drag Me Down (Official Video),2015-08-21T05:30:00Z,873587577,7439714,224544,1128730
,,,,,,
K2fkCcjzBrQ,ÏïÑÍ∏∞ÏÉÅÏñ¥ Ï≤¥Ï°∞ | ÏÉÅÏñ¥Í∞ÄÏ°± Ï≤¥Ï°∞ | Baby Shark Ï≤¥Ï°∞ÏÜ° | ÌïëÌÅ¨ÌêÅ Ï≤¥Ï°∞ | ÌïëÌÅ¨ÌêÅ! Ïù∏Í∏∞ÎèôÏöî,2016-06-03T08:00:01Z,867919621,2766106,1757658,782
,,,,,,
KATq-Ws3xtM,Patitos Cua Cua Cua - Canciones y cl√°sicos infantiles,2014-12-06T12:30:03Z,865795022,1364868,886752,10945
,,,,,,
HJkAI-Dhq50,Yes Yes Bedtime Song | CoComelon Nursery Rhymes & Kids Songs,2018-09-18T07:00:04Z,875096433,2244634,1591097,1983
,,,,,,
XsX3ATc3FbA,BTS (Î∞©ÌÉÑÏÜåÎÖÑÎã®) 'ÏûëÏùÄ Í≤ÉÎì§ÏùÑ ÏúÑÌïú Ïãú (Boy With Luv) (feat. Halsey)' Official MV,2019-04-12T09:00:02Z,872512537,16665560,977150,5046223
,,,,,,
vx2u5uUu3DE,Bon Jovi - It's My Life (Official Music Video),2009-06-17T00:55:22Z,861233301,3998384,140051,127701
,,,,,,
I9cCPQVPv8o,Ricardo Arjona - Fuiste t√∫ feat. Gaby Moreno (Video Oficial),2012-02-09T14:11:00Z,857569445,1622956,135550,63329
,,,,,,
hiP14ED28CA,"Jason Derulo - ""Wiggle"" feat. Snoop Dogg (Official Music Video)",2014-05-21T22:03:26Z,854090157,3987440,232965,111812
,,,,,,
CezgTNwk1-s,Swimming Song + More Nursery Rhymes & Kids Songs - CoComelon,2018-10-26T07:00:01Z,859294829,2384919,1493145,5960
,,,,,,
jjuSfhYiup8,"Bella, Wolfine - Video Oficial",2017-09-30T15:27:55Z,850504516,3372245,288255,162344
,,,,,,
xfdG6vwIGGU,"KAROL G, Anuel AA - Culpables (Official Video)",2018-09-14T04:00:03Z,847160805,3447331,231375,108396
,,,,,,
RB-RcX5DS5A,Coldplay - The Scientist (Official Video),2011-05-27T16:20:57Z,845770587,3816235,105828,98115
,,,,,,
xmU0s2QtaEY,"Swag Se Swagat | Song | Tiger Zinda Hai | Salman Khan, Katrina Kaif | Vishal & Shekhar, Irshad, Neha",2017-11-21T07:03:38Z,844247684,3249512,428496,210394
,,,,,,
_Fwf45pIAtM,Saad Lamjarred - LM3ALLEM (Exclusive Music Video) |  (ÿ≥ÿπÿØ ŸÑŸÖÿ¨ÿ±ÿØ - ŸÑŸÖÿπŸÑŸÖ (ŸÅŸäÿØŸäŸà ŸÉŸÑŸäÿ® ÿ≠ÿµÿ±Ÿä,2015-05-02T14:28:37Z,842254433,4935603,439788,226063
,,,,,,
hMy5za-m5Ew,FILHALL | Akshay Kumar Ft Nupur Sanon | BPraak | Jaani | Arvindr Khaira | Ammy Virk | Official Video,2019-11-09T11:05:11Z,845349675,7099137,378592,276288
,,,,,,
59GM_xjPhco,Pintinho Amarelinho - DVD Galinha Pintadinha,2008-09-15T21:13:46Z,839431457,1585209,881592,12649
,,,,,,
4JipHEz53sU,Nicki Minaj - Super Bass,2011-05-05T17:26:17Z,838419481,3444821,375458,417214
,,,,,,
_kxz7WX4mLU,"Cali Y El Dandee - Por Fin Te Encontr√© ft. Juan Magan, Sebastian Yatra (Video Oficiel)",2015-09-25T08:00:00Z,837799930,1880707,95219,61279
,,,,,,
SLsTskih7_I,Post Malone - White Iverson,2015-07-19T07:15:41Z,837045811,4328620,256413,177979
,,,,,,
HHCQsk0TZmk,Learn with Little Baby Bum | Ten Little Buses - From Wheels On The Bus | Nursery Rhymes for Babies,2015-05-20T06:54:39Z,849399574,2053466,1644822,80
,,,,,,
Amq-qlqbjYA,BLACKPINK - 'ÎßàÏßÄÎßâÏ≤òÎüº (AS IF IT'S YOUR LAST)' M/V,2017-06-22T09:00:01Z,836892692,7574432,323614,848292
,,,,,,
RKioDWlajvo,Lehanga : Jass Manak (Official Video) Satti Dhillon | Latest Punjabi Songs | GK DIGITAL | Geet MP3,2019-08-13T12:30:01Z,846121395,6413631,613615,178756
,,,,,,
PIb6AZdTr-A,Cyndi Lauper - Girls Just Want To Have Fun (Official Video),2009-10-25T07:04:12Z,831420743,3211000,157709,128317
,,,,,,
mrxTQZW9b08,El Baile del Sapito - Las Canciones Dela Granja - Canciones infantiles dela granja,2017-05-11T08:09:03Z,838821116,1925609,1129764,16712
,,,,,,
SMs0GnYze34,DJ Snake ft. Justin Bieber - Let Me Love You [Lyric Video],2016-08-05T15:30:10Z,827280799,4244188,153763,175536
,,,,,,
afUx6AIG3Tg,Ozuna - Tu Foto (Video Oficial) | Odisea,2017-04-28T15:00:47Z,825248036,3355811,242578,154929
,,,,,,
9FDuUd39NOI,Wheels on the Bus (Play Version) + More Nursery Rhymes & Kids Songs - CoComelon,2018-12-20T08:00:00Z,837596229,2563962,1728498,8048
,,,,,,
6C_s56iscpQ,Thal√≠a - Desde Esa Noche (Premio Lo Nuestro 2016) ft. Maluma,2016-03-05T01:28:58Z,824523642,2051516,217104,130102
,,,,,,
uuwfgXD8qV8,Katy Perry - Part Of Me (Official),2012-03-21T23:18:07Z,824228716,3574540,172872,221498
,,,,,,
wPNQw8naE2Q,El Pollito P√≠o 3D - Canciones de la Granja de Zen√≥n 2,2014-03-22T14:00:03Z,824780616,1507176,864117,14600
,,,,,,
UDDMYw_IZnE,Perfect - Ed Sheeran (Lyrics),2017-11-29T11:53:13Z,823496264,3292221,191969,119409
,,,,,,
U0CGsw6h60k,Rihanna - What's My Name? (Official Music Video) ft. Drake,2010-11-12T21:58:33Z,821256566,2487097,122504,165182
,,,,,,
zZjSX01P5dE,J. Balvin - Ginza (Official Video),2015-07-21T16:00:03Z,818423666,3136070,215961,118039
,,,,,,
W-TE_Ys4iwM,One Direction - Story of My Life,2013-11-03T16:00:02Z,822733240,6141777,206281,632891
,,,,,,
iibZa2tbGEg,30 Surprise Eggs!!! Disney CARS MARVEL Spider Man SpongeBob HELLO KITTY PARTY ANIMALS  LittlestPetSh,2013-08-20T20:34:57Z,815018980,593038,444891,27843
,,,,,,
nlcIKh6sBtc,Lorde - Royals (US Version),2013-06-18T16:23:22Z,815745420,3609834,260961,204440
,,,,,,
DUT5rEU6pqM,Shakira - Hips Don't Lie ft. Wyclef Jean,2009-10-03T04:47:55Z,816754885,3740605,129721,166996
,,,,,,
4NNRy_Wz16k,"Karol G, Bad Bunny - Ahora Me Llama (Official Video)",2017-06-08T20:00:01Z,813989660,3329275,215748,130990
,,,,,,
JFcgOboQZ08,"DILBAR Lyrical | Satyameva Jayate |John Abraham, Nora Fatehi,Tanishk B, Neha Kakkar,Dhvani, Ikka",2018-07-09T13:50:00Z,819343269,2841418,416077,138697
,,,,,,
Zi_XLOBDo_Y,Michael Jackson - Billie Jean (Official Video),2009-10-03T04:44:09Z,813080921,4574322,157861,250142
,,,,,,
aFEL3bAj3zw,–ú–∞—à–∞ –∏ –ú–µ–¥–≤–µ–¥—å (Masha and The Bear) - –ü–æ–¥–∫–∏–¥—ã—à (23 –°–µ—Ä–∏—è),2012-09-14T11:41:14Z,807504069,917144,525558,2603
,,,,,,
mWRsgZuwf_8,Imagine Dragons - Demons (Official Video),2013-05-07T15:40:06Z,807730250,5339771,113069,185589
,,,,,,
5JJ_jqqpTMY,Making Slime with Funny Balloons - Satisfying Slime video,2018-10-07T11:54:24Z,804805657,1515561,754121,3164
,,,,,,
YJVmu6yttiw,SKRILLEX - Bangarang feat. Sirah [Official Music Video],2012-02-16T21:29:19Z,804536950,5646726,229500,369976
,,,,,,
QYh6mYIJG2Y,Ariana Grande - 7 rings (Official Video),2019-01-18T04:57:49Z,807685665,10917068,494870,620399
,,,,,,
tAGnKpE4NCI,Metallica: Nothing Else Matters (Official Music Video),2009-10-27T01:57:59Z,806054780,3001559,185399,88203
,,,,,,
lwk5OUII9Vc,Ayo & Teo - Rolex (Official Music Video),2017-05-26T16:00:08Z,800939386,7272114,387523,302440
,,,,,,
T7VewKI44rQ,"Nacho, Yandel, Bad Bunny - B√°ilame (Remix)",2017-08-11T04:00:01Z,798532429,2629697,192250,116530
,,,,,,
ME2Hufquz0k,"Wisin - Adrenalina (Official Video) ft. Jennifer Lopez, Ricky Martin",2014-03-03T08:00:01Z,797275173,1700872,120035,47176
,,,,,,
wzMrK-aGCug,Rae Sremmurd - No Type (Official Video),2014-09-17T17:59:12Z,797054759,4589334,297397,158073
,,,,,,
8WYHDfJDPDc,Nelly - Dilemma ft. Kelly Rowland (Official Video),2009-10-05T21:48:04Z,800206659,3947954,156389,109434
,,,,,,
4GuqB1BQVr4,Justin Bieber - Boyfriend (Official Music Video),2012-05-03T23:50:06Z,796093206,4823750,1038135,627802
,,,,,,
P2hM9CLAMu4,#Jesse&Joy - ¬°Corre!,2011-12-02T16:58:15Z,796994713,1786676,106852,86684
,,,,,,
cPAbx5kgCJo,Auli'i Cravalho - How Far I'll Go,2016-12-12T08:00:01Z,799069344,2589434,339079,90943
,,,,,,
kLpH1nSLJSs,Bad Bunny - Amorfoda | Video Oficial,2018-02-15T00:00:03Z,796848869,6107847,411544,351524
,,,,,,
4fndeDfaWCg,Backstreet Boys - I Want It That Way (Official Music Video),2009-10-25T07:07:57Z,798273522,3773283,139714,187781
,,,,,,
kYtGl1dX5qI,will.i.am - Scream & Shout ft. Britney Spears (Official Music Video),2012-11-29T02:50:08Z,795820008,3407495,246702,283677
,,,,,,
SYM-RJwSGQ8,Tove Lo - Habits (Stay High) - Hippie Sabotage Remix,2014-04-04T14:00:07Z,792600848,3915315,142725,88310
,,,,,,
b8m9zhNAgKs,Rae Sremmurd - Black Beatles ft. Gucci Mane (Official Video),2016-09-22T19:00:04Z,791173269,5680428,297613,199868
,,,,,,
SHq2qrFUlGY,Shakira - Perro Fiel (Official Video) ft. Nicky Jam,2017-09-15T15:44:14Z,791243126,2736709,255244,116634
,,,,,,
Sv6dMFF_yts,Fun.: We Are Young ft. Janelle Mon√°e [OFFICIAL VIDEO],2011-12-28T06:24:43Z,792832800,4420893,122318,221021
,,,,,,
2zNSgSzhBfM,MACKLEMORE & RYAN LEWIS - CAN'T HOLD US FEAT. RAY DALTON (OFFICIAL MUSIC VIDEO),2013-04-17T16:00:22Z,792299693,4816641,135056,215378
,,,,,,
8JnfIa84TnU,Clean Bandit - Solo (feat. Demi Lovato) [Official Video],2018-05-31T09:00:13Z,790076732,5139932,187017,125754
,,,,,,
wJnBTPUQS5A,Alan Walker - The Spectre,2017-09-15T07:02:57Z,789602796,6595596,161039,371006
,,,,,,
1ekZEVeXwek,Ariana Grande - Into You (Official Video),2016-05-24T04:00:00Z,788313037,4120983,162639,171549
,,,,,,
AtKZKl7Bgu0,Calvin Harris - I Need Your Love (Official Video) ft. Ellie Goulding,2013-04-14T23:00:13Z,784165730,2525962,81709,75731
,,,,,,
n38kGst16sI,Twinkle Twinkle Little Star | CoComelon Nursery Rhymes & Kids Songs,2017-12-06T08:00:02Z,791499230,2187850,1516270,67
,,,,,,
bX3S-_jUauc,Paulo Londra ft Lenny Tavarez - Nena Maldicion (Official Video),2018-01-29T22:00:05Z,782741761,4107423,165930,215122
,,,,,,
_wL3Pc-EmjA,"HA-ASH - Perd√≥n, Perd√≥n (Primera Fila - Hecho Realidad [En Vivo])",2014-10-27T07:00:01Z,780530645,2161581,133483,55296
,,,,,,
eAqeed4INns,J Balvin BONITA feat. Jowell & Randy,2017-05-21T19:17:23Z,783734186,2290358,339574,79717
,,,,,,
pa14VNsdSYM,Rihanna - Only Girl (In The World) (Official Music Video),2010-10-12T22:31:11Z,778346425,2251907,96917,120220
,,,,,,
n4RjJKxsamQ,Scorpions - Wind Of Change (Official Music Video),2009-11-01T09:42:41Z,778249354,2993120,120596,98856
,,,,,,
1wYNFfgrXTI,Eminem - When I'm Gone (Official Music Video),2009-06-17T00:23:36Z,777635548,4311482,121170,270207
,,,,,,
wyx6JDQCslE,LMFAO - Sexy and I Know It (Official Video),2011-09-16T07:00:00Z,778633753,4359620,359035,432448
,,,,,,
ovX1HloCgdA,Sensualidad - Bad Bunny X Prince Royce X J Balvin X Dj Luian X Mambo Kingz,2017-11-03T04:00:11Z,776333607,3377314,254213,136820
,,,,,,
au2n7VVGv_c,Post Malone - Psycho ft. Ty Dolla $ign,2018-03-23T04:00:00Z,776423020,4785759,191953,117319
,,,,,,
aSjflT_J0Xo,Paulo Londra - Adan y Eva (Official Video),2018-11-05T18:00:04Z,775853200,4926418,230521,244365
,,,,,,
OMOGaugKpzs,The Police - Every Breath You Take,2010-02-23T15:22:13Z,774175521,2846341,95689,85068
,,,,,,
9jK-NcRmVcw,Europe - The Final Countdown (Official Video),2009-10-25T20:18:12Z,774352044,3440305,144271,172875
,,,,,,
sD9_l3oDOag,Sebasti√°n Yatra - No Hay Nadie M√°s,2018-01-26T05:00:01Z,772590510,2933010,114913,86590
,,,,,,
4m1EFMoRFvY,Beyonc√© - Single Ladies (Put a Ring on It) (Video Version),2009-10-03T04:53:50Z,771441062,2765793,140915,127315
,,,,,,
H6qNS9toSWk,ÿ£ÿ∫ŸÜŸäÿ© ŸáÿßŸÑÿµŸäÿµÿßŸÜ ÿ¥Ÿà ÿ≠ŸÑŸàŸäŸÜ 2018,2018-01-05T14:23:38Z,782864067,3206033,1539393,31971
,,,,,,
wcLNteez3c4,PSY (ft. HYUNA) - Ïò§Îπ§ Îî± ÎÇ¥ Ïä§ÌÉÄÏùº M/V,2012-08-14T15:00:06Z,769608808,2482294,507651,358411
,,,,,,
CY8E6N5Nzec,Marshmello & Anne-Marie - FRIENDS (Lyric Video) *OFFICIAL FRIENDZONE ANTHEM*,2018-02-09T04:41:39Z,772032195,6973057,205515,285456
,,,,,,
_CL6n0FJZpk,Dr. Dre ft. Snoop Dogg - Still D.R.E. (Official Video),2011-10-27T16:48:34Z,770917443,5180688,154817,197461
,,,,,,
CfihYWRWRTQ,John Newman - Love Me Again,2013-05-08T20:00:30Z,767333428,4178947,106264,151453
,,,,,,
#NAME?,"Sebasti√°n Yatra, Mau y Ricky - Ya No Tiene Novio",2018-08-10T04:00:00Z,767400934,2410592,164310,69904
,,,,,,
cedoBlUvBlI,Era Istrefi - Bonbon (Official Video),2016-03-07T21:45:15Z,767305608,4344858,228134,232000
,,,,,,
JeLIYZJ3hfM,Bandar Mama Pahan Pajama - 3D Animated Hindi Rhymes,2014-06-08T10:17:32Z,784344549,2251817,1676330,2064
,,,,,,
ZyhrYis509A,Aqua - Barbie Girl,2010-08-20T16:35:21Z,766961248,3877758,391337,285203
,,,,,,
v2AC41dglnM,AC/DC - Thunderstruck (Official Video),2012-11-07T15:15:10Z,766506927,3314438,175401,100950
,,,,,,
3YxaaGgTQYM,Evanescence - Bring Me To Life (Official Music Video),2009-12-02T09:44:34Z,764788168,5402953,143281,210880
,,,,,,
6GUm5g8SG4o,R. City - Locked Away ft. Adam Levine,2015-08-14T18:00:01Z,759123764,3938481,103858,95098
,,,,,,
V1Pl8CzNzCw,"Billie Eilish, Khalid - lovely",2018-04-26T16:00:02Z,765709248,10975501,153546,268883
,,,,,,
ws00k_lIQ9U,Bad Bunny - Soy Peor (Video oficial),2016-12-31T05:37:30Z,756263000,4053329,304785,215164
,,,,,,
TR3Vdo5etCQ,No Doubt - Don't Speak,2009-10-07T19:43:56Z,756291135,2368060,111916,60714
,,,,,,
_KhQT-LGb-4,"SIMMBA: Aankh Marey | Ranveer Singh, Sara Ali Khan | Tanishk Bagchi, Mika, Neha Kakkar,  Kumar Sanu",2018-12-06T05:30:01Z,755378705,3426504,649303,150406
,,,,,,
Ahha3Cqe_fk,Katy Perry - The One That Got Away (Official Video),2011-11-11T18:37:24Z,753204834,2918337,89058,187110
,,,,,,
ebVVuJN1WFM,Bartolito - La Granja de Zen√≥n 3,2015-11-14T13:00:01Z,753544132,1570150,1003225,4286
,,,,,,
M11SvDtPBhA,Miley Cyrus - Party In The U.S.A.,2009-09-25T22:56:39Z,752164494,3027538,227299,404196
,,,,,,
f6vY6tYvKGA,"Cham Cham Full Video | BAAGHI | Tiger Shroff, Shraddha Kapoor| Meet Bros, Monali Thakur| Sabbir Khan",2016-05-06T08:02:29Z,757947833,1740009,410537,58410
,,,,,,
bESGLojNYSo,Lady Gaga - Poker Face (Official Music Video),2009-12-20T03:05:36Z,752016087,3596852,178557,220910
,,,,,,
Fy93n4Xvq78,Las Canciones de la Granja de Zen√≥n - Lo Mejor de lo Mejor en HD - El Reino Infantil,2015-04-04T12:00:00Z,748341444,1272196,788906,32368
,,,,,,
_JOnM3jmY0o,Ozuna - Te Vas (Video Oficial),2016-05-27T15:00:01Z,747582661,2768502,164127,148085
,,,,,,
QCUg2r3vyJc,El Barco - El mordisco - ANTENA 3 TV,2011-01-26T17:46:11Z,748401942,316432,200831,15380
,,,,,,
Pgmx7z49OEk,Jennifer Lopez - Ain't Your Mama,2016-05-06T12:00:02Z,746676242,4320445,273501,187204
,,,,,,
xcL-oGPxgCg,–ú–∞—à–∞ –∏ –ú–µ–¥–≤–µ–¥—å - –°–ª–∞–¥–∫–∞—è –∂–∏–∑–Ω—å (–°–µ—Ä–∏—è 33),2013-06-01T18:27:37Z,743020145,736620,408029,2724
,,,,,,
EPo5wWmKEaI,Pitbull - Give Me Everything,2011-05-06T19:56:50Z,745140907,2522313,90537,138592
,,,,,,
WcTRQXtXJPs,Z√© Neto e Cristiano - LARGADO √ÄS TRA√áAS - Z√© Neto e Cristiano Ac√∫stico,2018-01-30T12:58:01Z,743480004,3149447,200668,63192
,,,,,,
jzD_yyEcp0M,Marshmello & Anne-Marie - FRIENDS (Music Video) *OFFICIAL FRIENDZONE ANTHEM*,2018-02-16T12:41:36Z,745510362,8534575,232978,269833
,,,,,,
7RMQksXpQSk,Katy Perry - This Is How We Do (Official),2014-07-31T16:00:08Z,741597873,2821869,237867,138987
,,,,,,
aPxVSCfoYnU,Omarion Ft. Chris Brown & Jhene Aiko - Post To Be (Official Music Video),2015-02-18T00:14:22Z,742235682,2935540,183777,98931
,,,,,,
3YltYCrPZos,The Boo Boo Song | CoComelon Nursery Rhymes & Kids Songs,2019-04-09T07:00:00Z,752487563,2067570,1254050,6349
,,,,,,
TGtWWb9emYI,Pitbull ft. Jennifer Lopez & Claudia Leitte - We Are One (Ole Ola) [Official Video],2014-05-16T14:00:04Z,739903163,3190870,323643,220719
,,,,,,
sPTn0QEhxds,Shakira - Me Enamor√© (Official Video),2017-05-12T19:30:01Z,739544246,3384032,265713,137337
,,,,,,
0oKreL1jvkg,Humpty Dumpty Nursery Rhyme - 3D Animation English Rhymes for children,2014-09-05T09:56:56Z,738033600,995378,663639,1325
,,,,,,
7C2z4GqqS5E,BTS (Î∞©ÌÉÑÏÜåÎÖÑÎã®) 'FAKE LOVE' Official MV,2018-05-18T09:00:02Z,740519619,12926684,506988,2569010
,,,,,,
cHHLHGNpCSA,Avicii - Waiting For Love,2015-06-26T07:00:00Z,737115649,5130007,103795,217501
,,,,,,
uTK_7MOFV4s,El Marinero Baila - Paco El Marinero | El Reino Infantil,2014-11-29T12:00:09Z,737763197,1061487,691981,1143
,,,,,,
W9P_qUnMaFg,Dynoro & Gigi D‚ÄôAgostino - In My Mind,2018-07-21T18:48:31Z,735807624,6521205,214338,221699
,,,,,,
CdXesX6mYUE,Pitbull ft. Chris Brown - International Love (Official Video),2011-12-08T23:03:29Z,728274086,2111256,99008,140594
,,,,,,
c0BLr35bmTc,Baby Doll Refrigerator and food toys play,2016-09-06T09:52:21Z,727551267,1244797,627482,13658
,,,,,,
dQw4w9WgXcQ,Rick Astley - Never Gonna Give You Up (Video),2009-10-25T06:57:33Z,731798520,6159253,209900,971329
,,,,,,
sEhy-RXkNo0,Rihanna - Man Down,2011-06-02T01:45:03Z,729147224,2918409,137354,151640
,,,,,,
7UO0O6ADu4Q,BANDA MS - EL COLOR DE TUS OJOS (VIDEO OFICIAL),2017-09-23T20:00:00Z,727395692,1393602,157883,40207
,,,,,,
EzKkl64rRbM,"Black Eyed Peas, J Balvin - RITMO (Bad Boys For Life)",2019-10-11T04:00:04Z,732223233,5015587,235216,111605
,,,,,,
tvTRZJ-4EyI,Kendrick Lamar - HUMBLE.,2017-03-30T23:00:06Z,725890957,5891371,305832,210722
,,,,,,
9Sc-ir2UwGU,Kygo - Firestone ft. Conrad Sewell (Official Video),2015-03-09T07:00:01Z,724348259,2881159,82151,45874
,,,,,,
WwQPh_mTrSg,Pica Pica - Popurr√≠ de Autob√∫s (Videoclip Oficial) - English Pitinglish,2016-03-04T14:02:37Z,725113787,1710290,979100,8783
,,,,,,
WAcnWtZjDWE,Ozuna - Dile Que Tu Me Quieres (Video Oficial) | Odisea,2016-09-16T16:00:35Z,721979389,2985739,186820,117905
,,,,,,
YlUKcNNmywk,Red Hot Chili Peppers - Californication [Official Music Video],2009-10-27T02:35:59Z,723160592,2779780,110648,96509
,,,,,,
HvNdJ2RCReg,Swimming Song | CoComelon Nursery Rhymes & Kids Songs,2018-10-02T07:00:03Z,727010812,1915321,1184068,7723
,,,,,,
QNJL6nfu__Q,Michael Jackson - They Don‚Äôt Care About Us (Brazil Version) (Official Video),2009-10-03T04:50:06Z,722139057,5367801,176386,239773
,,,,,,
7fEQmJ98x_Y,Farruko - Chillax ft. Ky-Mani Marley (Official Video),2016-07-23T01:43:50Z,718136064,1631669,134675,40564
,,,,,,
oiKj0Z_Xnjc,Stromae - Papaoutai (Clip Officiel),2013-06-06T10:00:44Z,719001662,4029385,188215,187777
,,,,,,
j1_JW7An2l0,"Farruko, Bad Bunny, Rvssian - Krippy Kush (Official Video)",2017-08-04T04:00:01Z,717347698,3599527,427312,195425
,,,,,,
ft4jcPSLJfY,"David Guetta, Bebe Rexha & J Balvin - Say My Name (Official Video)",2018-11-20T19:00:06Z,718658574,3939316,164290,74381
,,,,,,
zxseokeqhVk,Adexe y Nau - Andas En Mi Cabeza  (Chino & Nacho ft. Daddy Yankee Cover),2016-05-14T16:01:21Z,712695936,3747682,536505,464559
,,,,,,
EHkozMIXZ8w,Eminem ft. Rihanna - The Monster (Explicit) [Official Video],2013-12-17T00:50:00Z,713390268,4284660,132871,144114
,,,,,,
UceaB4D0jpo,Post Malone - rockstar ft. 21 Savage,2017-11-22T05:00:01Z,716093852,9052108,273909,331408
,,,,,,
6ACl8s_tBzE,Calvin Harris - Blame ft. John Newman,2014-09-12T07:00:01Z,711179625,2533803,82351,45068
,,,,,,
IdneKLhsWOQ,Taylor Swift - Wildest Dreams,2015-08-31T00:55:00Z,710912011,3873101,189731,212797
,,,,,,
lcOxhH8N3Bo,Bonnie Tyler - Total Eclipse of the Heart (Video),2009-11-15T14:54:12Z,711299511,3081431,138118,111971
,,,,,,
moSFlvxnbgk,"Disney's Frozen ""Let It Go"" Sequence Performed by Idina Menzel",2013-12-06T17:00:01Z,706533407,2257890,308387,178597
,,,,,,
pBuZEGYXA6E,BTS (Î∞©ÌÉÑÏÜåÎÖÑÎã®) 'IDOL' Official MV,2018-08-24T09:00:03Z,711174271,12687067,717059,2317258
,,,,,,
GzU8KqOY8YA,Sean Paul - No Lie ft. Dua Lipa,2017-01-10T18:00:31Z,706962381,3745298,111314,74036
,,,,,,
qFLhGq0060w,The Weeknd - I Feel It Coming ft. Daft Punk (Official Video),2017-03-10T05:00:03Z,705428285,3659424,162743,156570
,,,,,,
VYOjWnS4cMY,Childish Gambino - This Is America (Official Video),2018-05-06T04:00:07Z,704783760,10212521,716966,770056
,,,,,,
kTlv5_Bs8aw,BTS (Î∞©ÌÉÑÏÜåÎÖÑÎã®) 'MIC Drop (Steve Aoki Remix)' Official MV,2017-11-24T09:00:02Z,707676198,10494661,274029,1095039
,,,,,,
iMEhjsiHbwM,Maluma - HP (Official Video),2019-03-01T05:00:08Z,703897194,2960487,215870,81873
